SampleID	LinkerPrimerSequence	DNA_ng_ul	DNA_isolation_date	Batch	SampleType	deblur_seq_depth	dada2_seq_depth	bmi_final	ht_cm	weightv2	screen_age	screen_sex	Description
#q2:types	categorical	numeric	categorical	categorical	categorical	numeric	numeric	numeric	numeric	numeric	numeric	categorical	numeric
5001	GTGYCAGCMGCCGCGGTAA	428.57	5/2/17	batch.1	subject	20341	19687	20.84	195.7	79.8	25	Male	5001
5002	GTGYCAGCMGCCGCGGTAA	314.815	5/4/17	batch.1	subject	21738	20419	23.02	172.5	68.5	29	Female	5002
5004	GTGYCAGCMGCCGCGGTAA	431.15	6/6/2017	batch.1	subject	12607	12323	21.58	172.55	64.2	19	Female	5004
5005	GTGYCAGCMGCCGCGGTAA	349.27	5/2/17	batch.1	subject	19306	18534	27.54	155.5	66.6	27	Female	5005
5006	GTGYCAGCMGCCGCGGTAA	412.165	5/2/17	batch.1	subject	19432	17775	25.93	166.35	71.7	36	Female	5006
5007	GTGYCAGCMGCCGCGGTAA	289.315	5/2/17	batch.1	subject	21782	21149	27.71	161.3	72.1	30	Female	5007
5008	GTGYCAGCMGCCGCGGTAA	454.92	5/2/17	batch.1	subject	23606	22686	26.51	166.45	73.5	31	Female	5008
5009	GTGYCAGCMGCCGCGGTAA	375.52	5/2/17	batch.1	subject	26216	25231	29.8	167.5	83.6	23	Female	5009
5010	GTGYCAGCMGCCGCGGTAA	102.57	5/2/17	batch.1	subject	25412	28178	23.67	167	66	19	Female	5010
5011	GTGYCAGCMGCCGCGGTAA	325.76	5/8/17	batch.1	subject	24631	25541	27.92	175.6	86.1	26	Male	5011
5012	GTGYCAGCMGCCGCGGTAA	451.615	5/2/17	batch.1	subject	21664	22766	25.51	195.6	97.6	53	Male	5012
5014	GTGYCAGCMGCCGCGGTAA	405.5	6/8/2017	batch.1	subject	12774	12612	38.68	161.6	101	30	Female	5014
5015	GTGYCAGCMGCCGCGGTAA	294.695	5/3/17	batch.1	subject	23756	22021	26.8	178.6	85.5	21	Male	5015
5016	GTGYCAGCMGCCGCGGTAA	293.815	5/2/17	batch.1	subject	25696	23886	18.87	154.25	44.9	20	Female	5016
5019	GTGYCAGCMGCCGCGGTAA	274.365	5/2/17	batch.1	subject	24601	24683	20.41	152.55	47.5	22	Female	5019
5020	GTGYCAGCMGCCGCGGTAA	442.955	5/3/17	batch.1	subject	18465	17634	26.51	155.75	64.3	62	Female	5020
5021	GTGYCAGCMGCCGCGGTAA	401.1	5/8/17	batch.1	subject	27670	25244	27.19	177.55	85.7	37	Male	5021
5023	GTGYCAGCMGCCGCGGTAA	455.045	5/3/17	batch.1	subject	18173	17273	23.15	160.85	59.9	65	Female	5023
5026	GTGYCAGCMGCCGCGGTAA	177.385	5/8/17	batch.1	subject	26436	25747	20.83	163.25	55.5	23	Female	5026
5027	GTGYCAGCMGCCGCGGTAA	67.615	5/3/17	batch.1	subject	16773	15608	23.56	169.5	67.7	21	Male	5027
5032	GTGYCAGCMGCCGCGGTAA	311.86	5/8/17	batch.1	subject	30647	28908	29.6	156.4	72.4	61	Female	5032
5037	GTGYCAGCMGCCGCGGTAA	359.57	5/8/17	batch.1	subject	28908	26752	31.54	180	102.2	31	Female	5037
5040	GTGYCAGCMGCCGCGGTAA	360.26	5/3/17	batch.1	subject	19105	18481	23.08	169.75	66.5	50	Male	5040
5042	GTGYCAGCMGCCGCGGTAA	429.905	5/3/17	batch.1	subject	19824	17482	25.96	177.4	81.7	19	Male	5042
5043	GTGYCAGCMGCCGCGGTAA	212.52	6/6/2017	batch.1	subject	12423	12256	21.61	157.2	53.4	59	Female	5043
5045	GTGYCAGCMGCCGCGGTAA	374.735	5/3/17	batch.1	subject	15492	14745	27.48	172	81.3	52	Female	5045
5046	GTGYCAGCMGCCGCGGTAA	352.4	5/3/17	batch.1	subject	12847	13855	29.92	154.9	71.8	27	Female	5046
5047	GTGYCAGCMGCCGCGGTAA	396.235	5/3/17	batch.1	subject	19539	21247	25.19	165.75	69.2	21	Male	5047
5048	GTGYCAGCMGCCGCGGTAA	317.755	5/3/17	batch.1	subject	17997	17443	30.94	161.5	80.7	61	Female	5048
5049	GTGYCAGCMGCCGCGGTAA	273.16	5/3/17	batch.1	subject	21803	21123	29.1	173.5	87.6	50	Male	5049
5050	GTGYCAGCMGCCGCGGTAA	411.995	5/3/17	batch.1	subject	24845	23842	23.06	171.6	67.9	31	Male	5050
5051	GTGYCAGCMGCCGCGGTAA	420.285	5/3/17	batch.1	subject	15722	14938	23.4	176.5	72.9	26	Male	5051
5052	GTGYCAGCMGCCGCGGTAA	646.465	5/3/17	batch.1	subject	19115	19351	27.52	154.4	65.6	33	Female	5052
5053	GTGYCAGCMGCCGCGGTAA	479.35	5/3/17	batch.1	subject	17726	17982	24.09	180.4	78.4	58	Male	5053
5057	GTGYCAGCMGCCGCGGTAA	431.29	5/3/17	batch.1	subject	16028	16210	28.01	159.55	71.3	23	Female	5057
5058	GTGYCAGCMGCCGCGGTAA	160.595	6/8/2017	batch.1	subject	12272	12640	26.31	177.4	82.8	25	Female	5058
5059	GTGYCAGCMGCCGCGGTAA	470.99	5/3/17	batch.1	subject	20771	20956	22.68	184.15	76.9	25	Male	5059
5060	GTGYCAGCMGCCGCGGTAA	470.43	5/3/17	batch.1	subject	15561	14678	29.87	180.95	97.8	39	Male	5060
5062	GTGYCAGCMGCCGCGGTAA	465.605	5/3/17	batch.1	subject	27551	32654	22.67	178.1	71.9	34	Male	5062
6001	GTGYCAGCMGCCGCGGTAA	216.755	5/4/17	batch.1	subject	23014	22997	21.9	165.4	59.9	32	Female	6001
6002	GTGYCAGCMGCCGCGGTAA	401.535	5/5/17	batch.1	subject	25457	25680	23.46	173.35	70.5	32	Male	6002
6003	GTGYCAGCMGCCGCGGTAA	476.525	5/8/17	batch.1	subject	24802	21691	21.74	163.05	57.8	32	Female	6003
6004	GTGYCAGCMGCCGCGGTAA	196	6/6/2017	batch.1	subject	17420	16894	23.91	175.1	73.3	35	Male	6004
6005	GTGYCAGCMGCCGCGGTAA	377.52	5/8/17	batch.1	subject	25170	21797	25.86	179.15	83	52	Male	6005
6007	GTGYCAGCMGCCGCGGTAA	108.69	5/8/17	batch.1	subject	25435	24789	33.07	174.15	100.3	26	Male	6007
6008	GTGYCAGCMGCCGCGGTAA	261.81	5/8/17	batch.1	subject	34750	30798	29.05	158.4	72.9	34	Female	6008
6009	GTGYCAGCMGCCGCGGTAA	408	6/8/2017	batch.1	subject	12957	13932	24.03	179.25	77.2	48	Male	6009
6010	GTGYCAGCMGCCGCGGTAA	230.895	5/9/17	batch.1	subject	25950	27929	22.73	169.55	65.3	61	Female	6010
6011	GTGYCAGCMGCCGCGGTAA	443.995	5/5/17	batch.1	subject	24714	22749	22.07	151.27	50.5	24	Female	6011
6013	GTGYCAGCMGCCGCGGTAA	263.52	5/9/17	batch.1	subject	26783	26355	30.52	157.5	75.7	34	Female	6013
6014	GTGYCAGCMGCCGCGGTAA	289.335	5/9/17	batch.1	subject	28278	25107	19.11	162.25	50.3	22	Male	6014
6015	GTGYCAGCMGCCGCGGTAA	60.655	5/5/17	batch.1	subject	30476	29450	25.4	163.5	67.9	26	Female	6015
6016	GTGYCAGCMGCCGCGGTAA	453.18	5/4/17	batch.1	subject	12131	11727	25.19	175.5	77.6	38	Male	6016
6017	GTGYCAGCMGCCGCGGTAA	491.61	5/4/17	batch.1	subject	26340	24898	23.05	156	56.1	43	Female	6017
6018	GTGYCAGCMGCCGCGGTAA	174.935	5/9/17	batch.1	subject	26030	25934	27.46	165.15	74.9	47	Female	6018
6019	GTGYCAGCMGCCGCGGTAA	165.43	5/5/17	batch.1	subject	14455	13083	24.71	163.2	65.8	41	Female	6019
6021	GTGYCAGCMGCCGCGGTAA	194.555	6/6/2017	batch.1	subject	13870	13451	28.1	159.95	71.9	64	Female	6021
6022	GTGYCAGCMGCCGCGGTAA	264.205	5/8/17	batch.1	subject	26060	25673	19.09	186.65	66.5	54	Male	6022
6023	GTGYCAGCMGCCGCGGTAA	364.785	5/4/17	batch.1	subject	22536	25196	25.8	177.3	81.1	26	Male	6023
6024	GTGYCAGCMGCCGCGGTAA	64.05	5/4/17	batch.1	subject	17971	17434	40.08	168.5	113.8	56	Female	6024
6025	GTGYCAGCMGCCGCGGTAA	452.265	5/4/17	batch.1	subject	20092	21433	27.81	171.6	81.9	59	Male	6025
6026	GTGYCAGCMGCCGCGGTAA	96.74	5/4/17	batch.1	subject	19277	19260	24.37	170.45	70.8	50	Female	6026
6028	GTGYCAGCMGCCGCGGTAA	201.605	5/9/17	batch.1	subject	27037	22849	21.9	165.1	59.7	39	Female	6028
6030	GTGYCAGCMGCCGCGGTAA	500.655	5/4/17	batch.1	subject	21574	22499	21.58	161.8	56.5	34	Male	6030
6031	GTGYCAGCMGCCGCGGTAA	197.375	5/9/17	batch.1	subject	26601	26923	23.02	152.15	53.3	51	Female	6031
6032	GTGYCAGCMGCCGCGGTAA	485.83	5/9/17	batch.1	subject	33778	35199	21.33	163.2	56.8	51	Female	6032
6034	GTGYCAGCMGCCGCGGTAA	289.43	5/12/17	batch.1	subject	20921	21571	31.08	171.2	91.1	43	Female	6034
6035	GTGYCAGCMGCCGCGGTAA	196.195	6/6/2017	batch.1	subject	12800	12315	33.45	170.55	97.3	25	Female	6035
6036	GTGYCAGCMGCCGCGGTAA	405.605	5/5/17	batch.1	subject	22685	21149	28.72	168.15	81.2	33	Female	6036
6039	GTGYCAGCMGCCGCGGTAA	300.29	5/5/17	batch.1	subject	24412	23060	27.92	180.55	91	20	Female	6039
6040	GTGYCAGCMGCCGCGGTAA	66.585	6/8/2017	batch.1	subject	14715	15081	21.03	170.45	61.1	19	Male	6040
6042	GTGYCAGCMGCCGCGGTAA	339.24	5/5/17	batch.1	subject	37761	36857	29.02	156.2	70.8	29	Female	6042
6045	GTGYCAGCMGCCGCGGTAA	279.235	5/5/17	batch.1	subject	30104	28728	21.63	162.75	57.3	53	Female	6045
6046	GTGYCAGCMGCCGCGGTAA	271.145	6/6/2017	batch.1	subject	19039	18202	20.18	163.9	54.2	58	Female	6046
6048	GTGYCAGCMGCCGCGGTAA	319.18	5/12/17	batch.1	subject	18821	18520	24.21	161.2	62.9	44	Female	6048
6049	GTGYCAGCMGCCGCGGTAA	222.915	5/5/17	batch.1	subject	24111	22817	24.96	155.7	60.5	23	Female	6049
6050	GTGYCAGCMGCCGCGGTAA	254.435	5/5/17	batch.1	subject	28677	27511	26.58	178.4	84.6	50	Male	6050
6051	GTGYCAGCMGCCGCGGTAA	399.215	5/12/17	batch.1	subject	17838	20422	27.01	164.95	73.5	23	Male	6051
6052	GTGYCAGCMGCCGCGGTAA	105.98	5/12/17	batch.1	subject	26691	24030	25.02	162.05	65.7	43	Female	6052
6053	GTGYCAGCMGCCGCGGTAA	374.61	5/12/17	batch.1	subject	16854	15921	21.13	162.05	55.5	30	Female	6053
6054	GTGYCAGCMGCCGCGGTAA	485.795	5/12/17	batch.1	subject	19380	17241	26.82	176.35	83.4	25	Male	6054
6055	GTGYCAGCMGCCGCGGTAA	154.905	5/15/17	batch.1	subject	16167	17983	28.71	177.85	90.8	25	Male	6055
6057	GTGYCAGCMGCCGCGGTAA	354.505	5/12/17	batch.1	subject	23506	22382	20.75	167.35	58.1	54	Female	6057
6058	GTGYCAGCMGCCGCGGTAA	169.89	5/12/17	batch.1	subject	19459	19898	35.57	174.5	108.3	40	Male	6058
6059	GTGYCAGCMGCCGCGGTAA	207.68	5/16/17	batch.1	subject	10842	11263	26.12	169	74.6	54	Male	6059
6061	GTGYCAGCMGCCGCGGTAA	218.96	5/12/17	batch.1	subject	10727	10666	21.7	171.05	63.5	59	Female	6061
6062	GTGYCAGCMGCCGCGGTAA	468.58	5/12/17	batch.1	subject	13278	13511	28.87	168.95	82.4	23	Female	6062
6063	GTGYCAGCMGCCGCGGTAA	318.42	5/15/17	batch.1	subject	11923	11885	23.47	159.76	59.9	61	Female	6063
6064	GTGYCAGCMGCCGCGGTAA	416.78	5/12/17	batch.1	subject	16592	17357	24.34	167.4	68.2	50	Female	6064
6065	GTGYCAGCMGCCGCGGTAA	309.185	5/15/17	batch.1	subject	12134	12258	23.5	156.95	57.9	21	Female	6065
6067	GTGYCAGCMGCCGCGGTAA	414.83	5/15/17	batch.1	subject	20275	19370	26.94	165.95	74.2	60	Female	6067
6069	GTGYCAGCMGCCGCGGTAA	235.35	5/15/17	batch.1	subject	11771	11976	29.84	173.2	89.5	61	Male	6069
6070	GTGYCAGCMGCCGCGGTAA	449.85	5/16/17	batch.1	subject	12916	12799	26.18	168.13	74	25	Female	6070
6071	GTGYCAGCMGCCGCGGTAA	360.815	5/16/17	batch.1	subject	11764	11848	23.84	172.2	70.7	41	Female	6071
6072	GTGYCAGCMGCCGCGGTAA	355.64	5/16/17	batch.1	subject	10053	10159	22.24	159.95	56.9	43	Female	6072
6075	GTGYCAGCMGCCGCGGTAA	100.225	5/15/17	batch.1	subject	23663	23151	27.68	179.4	89.1	35	Male	6075
6078	GTGYCAGCMGCCGCGGTAA	200.3	8/3/18	batch.2	subject	31268	34143	34.12	183.1	114.4	52	Male	6078
6080	GTGYCAGCMGCCGCGGTAA	148.975	5/9/17	batch.1	subject	21195	19802	27.51	165	74.9	38	Female	6080
6081	GTGYCAGCMGCCGCGGTAA	451.79	5/15/17	batch.1	subject	12818	12828	22.42	165.15	61.15	38	Female	6081
6083	GTGYCAGCMGCCGCGGTAA	344.22	5/15/17	batch.1	subject	16667	16422	28.26	195.5	108	23	Male	6083
6084	GTGYCAGCMGCCGCGGTAA	321.415	5/16/17	batch.1	subject	11484	11634	22.54	201.7	91.7	43	Male	6084
6085	GTGYCAGCMGCCGCGGTAA	148.25	8/3/18	batch.2	subject	23611	25435	29.43	168.35	83.4	24	Male	6085
6087	GTGYCAGCMGCCGCGGTAA	249.665	5/16/17	batch.1	subject	12833	12913	24.42	158.7	61.5	37	Female	6087
6088	GTGYCAGCMGCCGCGGTAA	335.32	5/15/17	batch.1	subject	16710	17220	26.73	168.5	75.9	36	Male	6088
6092	GTGYCAGCMGCCGCGGTAA	384.515	5/15/17	batch.1	subject	16216	15475	21.49	155.7	52.1	29	Female	6092
6093	GTGYCAGCMGCCGCGGTAA	353.64	8/3/18	batch.2	subject	42046	56837	24.62	170.65	71.7	51	Male	6093
6094	GTGYCAGCMGCCGCGGTAA	291.47	5/16/17	batch.1	subject	17910	21298	21.7	167.7	61.1	43	Female	6094
6095	GTGYCAGCMGCCGCGGTAA	362.895	5/9/17	batch.1	subject	23817	23371	25.97	167.3	72.7	19	Male	6095
6097	GTGYCAGCMGCCGCGGTAA	367.2	8/3/18	batch.2	subject	17239	18758	34.03	181.75	112.4	28	Male	6097
6099	GTGYCAGCMGCCGCGGTAA	86.85	8/3/18	batch.2	subject	19743	23001	23.82	168.2	67.4	37	Female	6099
6100	GTGYCAGCMGCCGCGGTAA	202.78	8/3/18	batch.2	subject	27941	32479	25.76	180.8	84.2	57	Male	6100
6101	GTGYCAGCMGCCGCGGTAA	149.84	8/3/18	batch.2	subject	30718	34428	21.79	168.15	61.6	44	Female	6101
6103	GTGYCAGCMGCCGCGGTAA	347.365	5/12/17	batch.1	subject	22016	21381	27.26	169.6	78.4	52	Male	6103
7002	GTGYCAGCMGCCGCGGTAA	316.32	5/12/17	batch.1	subject	23500	22731	33.31	176.35	103.6	32	Male	7002
7003	GTGYCAGCMGCCGCGGTAA	315.445	5/9/17	batch.1	subject	20411	22620	36.27	172.55	108	56	Male	7003
7005	GTGYCAGCMGCCGCGGTAA	442.07	5/19/17	batch.1	subject	13075	12576	25.56	155.25	61.6	55	Female	7005
7009	GTGYCAGCMGCCGCGGTAA	441.38	5/24/17	batch.1	subject	14659	14232	43.87	199.85	175.2	47	Male	7009
7010	GTGYCAGCMGCCGCGGTAA	331.05	5/19/17	batch.1	subject	12154	12500	26.54	167.55	74.5	64	Female	7010
7011	GTGYCAGCMGCCGCGGTAA	270.61	5/19/17	batch.1	subject	13794	13615	30.16	176.45	93.9	24	Female	7011
7012	GTGYCAGCMGCCGCGGTAA	299.3	5/19/17	batch.1	subject	15569	15441	26.64	158	66.5	49	Female	7012
7013	GTGYCAGCMGCCGCGGTAA	236.63	5/19/17	batch.1	subject	15300	15203	25.16	151.3	57.6	56	Female	7013
7015	GTGYCAGCMGCCGCGGTAA	110.365	5/24/17	batch.1	subject	10663	11019	32.54	176	100.8	31	Male	7015
7016	GTGYCAGCMGCCGCGGTAA	199.705	5/12/17	batch.1	subject	24670	24123	27.09	156.1	66	22	Female	7016
7017	GTGYCAGCMGCCGCGGTAA	413.16	5/24/17	batch.1	subject	15711	16042	23.92	173.25	71.8	34	Male	7017
7020	GTGYCAGCMGCCGCGGTAA	381.745	5/19/17	batch.1	subject	15670	15727	18.33	169.9	52.9	46	Female	7020
7021	GTGYCAGCMGCCGCGGTAA	279.145	5/19/17	batch.1	subject	12983	13230	27.14	156.65	66.6	62	Female	7021
7022	GTGYCAGCMGCCGCGGTAA	132.98	8/3/18	batch.2	subject	31640	35259	18.04	177.3	56.7	37	Female	7022
7023	GTGYCAGCMGCCGCGGTAA	485.995	5/24/17	batch.1	subject	12609	13663	22.71	180.15	73.7	65	Male	7023
7024	GTGYCAGCMGCCGCGGTAA	233.06	8/6/18	batch.2	subject	22068	25084	24.97	174.35	75.9	24	Male	7024
7025	GTGYCAGCMGCCGCGGTAA	339.685	5/24/17	batch.1	subject	16096	15253	33.01	154.4	78.7	37	Female	7025
7027	GTGYCAGCMGCCGCGGTAA	112.36	5/19/17	batch.1	subject	13973	14621	30.63	178.4	97.5	62	Female	7027
7028	GTGYCAGCMGCCGCGGTAA	289.845	5/19/17	batch.1	subject	27440	30732	31.46	176.4	97.9	28	Female	7028
7029	GTGYCAGCMGCCGCGGTAA	244.47	5/24/17	batch.1	subject	13762	14225	21.62	184.4	73.5	62	Male	7029
7030	GTGYCAGCMGCCGCGGTAA	123.205	5/24/17	batch.1	subject	13019	13397	38.92	167.2	108.8	65	Female	7030
7031	GTGYCAGCMGCCGCGGTAA	174.28	8/6/18	batch.2	subject	21016	23479	29.85	160.3	76.7	35	Female	7031
7032	GTGYCAGCMGCCGCGGTAA	319.615	5/24/17	batch.1	subject	14966	15166	36.49	164.47	98.7	43	Male	7032
7033	GTGYCAGCMGCCGCGGTAA	356.535	5/24/17	batch.1	subject	16002	16338	21.35	156.95	52.6	35	Female	7033
7035	GTGYCAGCMGCCGCGGTAA	208.795	5/24/17	batch.1	subject	15083	15504	31.27	179	100.2	62	Female	7035
7036	GTGYCAGCMGCCGCGGTAA	128.8	8/15/18	batch.2	subject	23109	26756	21.77	179.3	70	23	Male	7036
7037	GTGYCAGCMGCCGCGGTAA	303.38	8/6/18	batch.2	subject	21461	24794	28.58	167.53	80.2	31	Female	7037
7038	GTGYCAGCMGCCGCGGTAA	118.234	8/15/18	batch.2	subject	35498	39641	27.98	161.2	72.7	49	Female	7038
7039	GTGYCAGCMGCCGCGGTAA	330.155	5/24/17	batch.1	subject	13598	14012	29.59	182	98	24	Male	7039
7043	GTGYCAGCMGCCGCGGTAA	253.66	7/24/18	batch.2	subject	17837	19860	22.29	183.67	75.2	62	Male	7043
7044	GTGYCAGCMGCCGCGGTAA	470.225	5/24/17	batch.1	subject	16125	15564	29.11	160.3	74.8	21	Female	7044
7045	GTGYCAGCMGCCGCGGTAA	39.81	7/24/18	batch.2	subject	13961	15431	27.92	164.77	75.8	41	Female	7045
7046	GTGYCAGCMGCCGCGGTAA	221.59	7/24/18	batch.2	subject	27909	31471	24.76	162.9	65.7	47	Female	7046
7048	GTGYCAGCMGCCGCGGTAA	34.09	7/24/18	batch.2	subject	28880	32679	30.04	174.33	91.3	43	Male	7048
7049	GTGYCAGCMGCCGCGGTAA	127.39	7/19/18	batch.2	subject	11571	13077	26.5	159	67	30	Female	7049
7050	GTGYCAGCMGCCGCGGTAA	104.92	7/24/18	batch.2	subject	31991	35746	26.29	186.15	91.1	21	Male	7050
7054	GTGYCAGCMGCCGCGGTAA	294.66	7/12/18	batch.2	subject	15406	17799	22	166.65	61.1	57	Female	7054
7056	GTGYCAGCMGCCGCGGTAA	362.64	7/16/18	batch.2	subject	12822	14781	24.17	160.95	62.6	48	Female	7056
7057	GTGYCAGCMGCCGCGGTAA	271.13	7/16/18	batch.2	subject	12224	14227	27.67	173.1	82.9	52	Male	7057
7060	GTGYCAGCMGCCGCGGTAA	304.14	7/16/18	batch.2	subject	15673	20104	26.42	177.13	82.9	44	Male	7060
7061	GTGYCAGCMGCCGCGGTAA	62.32	7/16/18	batch.2	subject	12648	14274	32.97	157.6	81.9	50	Female	7061
7062	GTGYCAGCMGCCGCGGTAA	345.22	7/16/18	batch.2	subject	11499	12708	26.28	179.85	85	38	Male	7062
7063	GTGYCAGCMGCCGCGGTAA	71.78	7/17/18	batch.2	subject	4696	5255	41.95	186.55	146	49	Male	7063
7064	GTGYCAGCMGCCGCGGTAA	140.45	7/16/18	batch.2	subject	11653	15188	24.47	176.25	76	47	Male	7064
7066	GTGYCAGCMGCCGCGGTAA	300.95	7/17/18	batch.2	subject	10562	12517	24.33	182	80.6	57	Male	7066
7070	GTGYCAGCMGCCGCGGTAA	218.53	7/17/18	batch.2	subject	14950	17970	23.48	178.35	74.7	60	Male	7070
7073	GTGYCAGCMGCCGCGGTAA	191.05	7/19/18	batch.2	subject	16118	17415	27.21	164.9	74	43	Female	7073
7076	GTGYCAGCMGCCGCGGTAA	111.48	7/17/18	batch.2	subject	14326	16537	23.86	158.45	59.9	52	Female	7076
7078	GTGYCAGCMGCCGCGGTAA	339.67	7/19/18	batch.2	subject	41642	47203	28.58	157.83	71.2	58	Female	7078
7081	GTGYCAGCMGCCGCGGTAA	329.42	7/18/18	batch.2	subject	10455	12019	24.89	181.3	81.8	56	Male	7081
7083	GTGYCAGCMGCCGCGGTAA	320.17	7/18/18	batch.2	subject	10348	11683	26.03	170.75	75.9	52	Male	7083
7084	GTGYCAGCMGCCGCGGTAA	299.36	8/6/18	batch.2	subject	31345	35257	25.07	192.6	93	65	Male	7084
7085	GTGYCAGCMGCCGCGGTAA	226.65	8/6/18	batch.2	subject	33104	37483	33.8	158.95	85.4	46	Female	7085
7090	GTGYCAGCMGCCGCGGTAA	193.72	8/6/18	batch.2	subject	26596	31011	28.82	158.5	72.4	46	Female	7090
7091	GTGYCAGCMGCCGCGGTAA	170.71	8/6/18	batch.2	subject	18273	20413	28.47	190.75	103.6	47	Male	7091
7092	GTGYCAGCMGCCGCGGTAA	119.871	8/15/18	batch.2	subject	33238	37236	23.23	186.03	80.4	62	Male	7092
7093	GTGYCAGCMGCCGCGGTAA	256.884	8/15/18	batch.2	subject	35186	39575	25.61	168.95	73.1	64	Male	7093
7096	GTGYCAGCMGCCGCGGTAA	333.77	7/19/18	batch.2	subject	28429	31364	25.8	195.1	98.2	58	Male	7096
7097	GTGYCAGCMGCCGCGGTAA	265.06	7/19/18	batch.2	subject	31657	35077	24.35	164.5	65.9	40	Female	7097
7098	GTGYCAGCMGCCGCGGTAA	358.16	7/20/18	batch.2	subject	22100	23455	20.93	169.45	60.1	54	Male	7098
7099	GTGYCAGCMGCCGCGGTAA	222.33	7/20/18	batch.2	subject	29525	32542	20.73	181.65	68.4	59	Male	7099
7101	GTGYCAGCMGCCGCGGTAA	27.3	7/24/18	batch.2	subject	20371	23554	22.03	161.4	57.4	49	Female	7101
7102	GTGYCAGCMGCCGCGGTAA	199.99	7/20/18	batch.2	subject	22036	24256	21.17	167.65	59.5	51	Female	7102
7104	GTGYCAGCMGCCGCGGTAA	98.9	7/20/18	batch.2	subject	26645	30375	27.21	175.6	83.9	22	Male	7104
7107	GTGYCAGCMGCCGCGGTAA	313.93	7/20/18	batch.2	subject	17455	19068	21.46	172.3	63.7	24	Female	7107
7108	GTGYCAGCMGCCGCGGTAA	202.77	7/19/18	batch.2	subject	29891	35572	23.57	195.5	90.1	37	Male	7108
7109	GTGYCAGCMGCCGCGGTAA	208.05	7/19/18	batch.2	subject	20065	22820	28.32	178.95	90.7	52	Male	7109
7110	GTGYCAGCMGCCGCGGTAA	53.65	7/6/18	batch.2	subject	10395	11821	23.57	155.5	57	56	Female	7110
7112	GTGYCAGCMGCCGCGGTAA	203.43	7/23/18	batch.2	subject	23226	26282	29.71	176.55	92.6	49	Male	7112
7113	GTGYCAGCMGCCGCGGTAA	338.24	7/23/18	batch.2	subject	31686	32556	22.5	158.17	56.3	24	Female	7113
7114	GTGYCAGCMGCCGCGGTAA	180.74	7/23/18	batch.2	subject	19472	21996	28.23	175.75	87.2	30	Male	7114
7115	GTGYCAGCMGCCGCGGTAA	163.72	7/3/18	batch.2	subject	15577	16022	21.53	149.33	48	26	Female	7115
7118	GTGYCAGCMGCCGCGGTAA	187.94	7/23/18	batch.2	subject	22322	23925	18.21	175.5	56.1	23	Male	7118
7119	GTGYCAGCMGCCGCGGTAA	199.08	7/23/18	batch.2	subject	17619	20557	23.87	182.5	79.5	24	Male	7119
7121	GTGYCAGCMGCCGCGGTAA	84.91	7/23/18	batch.2	subject	22775	25549	28.2	181	92.4	51	Male	7121
7122	GTGYCAGCMGCCGCGGTAA	238.44	7/23/18	batch.2	subject	23877	27626	23.94	156.2	58.4	56	Female	7122
7124	GTGYCAGCMGCCGCGGTAA	63.77	7/23/18	batch.2	subject	28357	31546	22.36	163.27	59.6	35	Male	7124
7125	GTGYCAGCMGCCGCGGTAA	229.18	7/3/18	batch.2	subject	10189	11309	24.44	172.6	72.8	23	Female	7125
8001	GTGYCAGCMGCCGCGGTAA	181.13	7/11/18	batch.2	subject	13826	15531	23.71	170.7	69.1	28	Female	8001
8002	GTGYCAGCMGCCGCGGTAA	344.44	7/31/18	batch.2	subject	24024	27034	18.56	176	57.5	25	Male	8002
8003	GTGYCAGCMGCCGCGGTAA	192.68	7/9/18	batch.2	subject	12793	13902	28.57	174.5	87	41	Male	8003
8004	GTGYCAGCMGCCGCGGTAA	221.33	7/9/18	batch.2	subject	11264	13522	24.31	174.6	74.1	43	Female	8004
8005	GTGYCAGCMGCCGCGGTAA	330.31	7/9/18	batch.2	subject	14094	15454	35.57	173.2	106.7	54	Male	8005
8006	GTGYCAGCMGCCGCGGTAA	300.14	7/9/18	batch.2	subject	13993	14996	19.35	156.35	47.3	27	Female	8006
8007	GTGYCAGCMGCCGCGGTAA	312.68	7/31/18	batch.2	subject	40060	42644	26.72	165.05	72.8	52	Female	8007
8008	GTGYCAGCMGCCGCGGTAA	533.18	7/9/18	batch.2	subject	16187	17975	31.95	173.15	95.8	22	Female	8008
8009	GTGYCAGCMGCCGCGGTAA	287.1	7/31/18	batch.2	subject	34059	36512	34.91	157.4	86.5	42	Female	8009
8010	GTGYCAGCMGCCGCGGTAA	397.86	7/6/18	batch.2	subject	13163	14842	29	181.67	95.7	23	Male	8010
8013	GTGYCAGCMGCCGCGGTAA	146.37	7/9/18	batch.2	subject	11075	12808	26.44	170.1	76.5	58	Female	8013
8015	GTGYCAGCMGCCGCGGTAA	162.56	7/31/18	batch.2	subject	27603	31825	29.92	148.75	66.2	26	Female	8015
8017	GTGYCAGCMGCCGCGGTAA	306.76	7/31/18	batch.2	subject	26267	29640	28.38	172.05	84	26	Female	8017
8021	GTGYCAGCMGCCGCGGTAA	453.23	7/10/18	batch.2	subject	12605	14375	31.56	162.75	83.6	52	Female	8021
8024	GTGYCAGCMGCCGCGGTAA	155.7	7/10/18	batch.2	subject	15636	19283	33.21	182.5	110.6	21	Male	8024
8025	GTGYCAGCMGCCGCGGTAA	372.59	7/10/18	batch.2	subject	13791	15138	31.33	160.7	80.9	34	Female	8025
8026	GTGYCAGCMGCCGCGGTAA	249.65	7/10/18	batch.2	subject	11576	14813	24.38	180.8	79.7	27	Male	8026
8027	GTGYCAGCMGCCGCGGTAA	233.475	8/15/18	batch.2	subject	26366	27778	26.99	158.95	68.2	54	Female	8027
8032	GTGYCAGCMGCCGCGGTAA	29.21	7/11/18	batch.2	subject	10404	12127	31.8	176	98.5	35	Male	8032
8033	GTGYCAGCMGCCGCGGTAA	347.38	7/10/18	batch.2	subject	14113	16343	34.32	170.1	99.3	48	Female	8033
8034	GTGYCAGCMGCCGCGGTAA	258.78	7/10/18	batch.2	subject	12471	15470	25.49	166.9	71	44	Female	8034
8035	GTGYCAGCMGCCGCGGTAA	183.73	7/11/18	batch.2	subject	12801	14944	28.67	166.2	79.2	34	Female	8035
8036	GTGYCAGCMGCCGCGGTAA	73.59	7/11/18	batch.2	subject	13154	15233	25.2	158.75	63.5	25	Female	8036
8037	GTGYCAGCMGCCGCGGTAA	221.09	7/11/18	batch.2	subject	13348	16102	23.76	180.85	77.7	22	Male	8037
8038	GTGYCAGCMGCCGCGGTAA	346.92	7/11/18	batch.2	subject	18631	20544	24.7	173.55	74.4	35	Male	8038
8040	GTGYCAGCMGCCGCGGTAA	264.28	7/11/18	batch.2	subject	14192	16559	24.61	165	67	38	Male	8040
8041	GTGYCAGCMGCCGCGGTAA	196.2	7/24/18	batch.2	subject	22513	25088	29.36	182.15	97.4	64	Male	8041
8042	GTGYCAGCMGCCGCGGTAA	120.29	7/12/18	batch.2	subject	11311	13816	22.11	166.65	61.4	35	Female	8042
8045	GTGYCAGCMGCCGCGGTAA	276.91	7/12/18	batch.2	subject	15531	19775	26.81	152.2	62.1	52	Female	8045
8046	GTGYCAGCMGCCGCGGTAA	39.48	7/12/18	batch.2	subject	12791	15626	35.16	158.2	88	29	Female	8046
8047	GTGYCAGCMGCCGCGGTAA	63.71	7/12/18	batch.2	subject	10874	12972	36.9	151.5	84.7	39	Female	8047
8050	GTGYCAGCMGCCGCGGTAA	112.71	7/12/18	batch.2	subject	19588	22846	28.61	182.9	95.7	26	Male	8050
8052	GTGYCAGCMGCCGCGGTAA	298.71	7/12/18	batch.2	subject	18580	22144	28.89	181.25	94.9	24	Male	8052
8061	GTGYCAGCMGCCGCGGTAA	252.57	8/17/18	batch.2	subject	12304	14606	24.23	176.3	75.3	22	Male	8061
8062	GTGYCAGCMGCCGCGGTAA	253.812	4/25/19 18:01	batch.3	subject	25785	23577	32.32	171	94.5	22	Female	8062
8066	GTGYCAGCMGCCGCGGTAA	314.627	4/25/19 18:02	batch.3	subject	21270	20299	23.01	165.6	63.1	63	Male	8066
8068	GTGYCAGCMGCCGCGGTAA	193.289	4/25/19 18:03	batch.3	subject	20295	20508	35.4	163.05	94.1	52	Female	8068
8075	GTGYCAGCMGCCGCGGTAA	184.812	5/21/19 0:00	batch.3	subject	24646	22744	29.36	150.95	66.9	55	Female	8075
8077	GTGYCAGCMGCCGCGGTAA	238.375	4/25/19 18:04	batch.3	subject	21196	21668	23.11	165.9	63.6	55	Male	8077
8078	GTGYCAGCMGCCGCGGTAA	244.938	4/25/19 18:05	batch.3	subject	22804	20446	40.47	169.15	115.8	19	Female	8078
8080	GTGYCAGCMGCCGCGGTAA	151.45	4/25/19 18:06	batch.3	subject	19523	18832	30.7	166.7	85.3	25	Female	8080
8083	GTGYCAGCMGCCGCGGTAA	146.568	4/25/19 18:08	batch.3	subject	24444	22826	35.6	158.65	89.6	39	Female	8083
8084	GTGYCAGCMGCCGCGGTAA	226.897	4/25/19 18:09	batch.3	subject	24354	23006	29.26	166.7	81.3	46	Female	8084
8085	GTGYCAGCMGCCGCGGTAA	191.641	5/21/19 0:00	batch.3	subject	17099	16414	25.33	150.4	57.3	58	Female	8085
8088	GTGYCAGCMGCCGCGGTAA	176.896	5/21/19 0:00	batch.3	subject	21096	23149	27.31	175.47	84.1	63	Male	8088
8089	GTGYCAGCMGCCGCGGTAA	153.917	5/21/19 0:00	batch.3	subject	17142	16136	34.6	166.4	95.8	23	Female	8089
8090	GTGYCAGCMGCCGCGGTAA	175.763	5/21/19 0:00	batch.3	subject	22262	20826	25.3	156.8	62.2	59	Female	8090
8091	GTGYCAGCMGCCGCGGTAA	130.249	5/21/19 0:00	batch.3	subject	26223	24692	34.34	170.65	100	53	Female	8091
8092	GTGYCAGCMGCCGCGGTAA	218.376	5/21/19 0:00	batch.3	subject	33948	30746	30.92	191.75	113.7	27	Male	8092
8093	GTGYCAGCMGCCGCGGTAA	217.832	5/21/19 0:00	batch.3	subject	25307	23094	30.39	169.4	87.2	58	Female	8093
8095	GTGYCAGCMGCCGCGGTAA	267.488	5/21/19 0:00	batch.3	subject	14585	14420	34.23	162.6	90.5	19	Female	8095
8096	GTGYCAGCMGCCGCGGTAA	168.458	5/21/19 0:00	batch.3	subject	21121	20824	24.49	172.3	72.7	41	Male	8096
8097	GTGYCAGCMGCCGCGGTAA	137.828	5/22/19 18:04	batch.3	subject	19865	18936	22.2	164.55	60.1	58	Female	8097
8100	GTGYCAGCMGCCGCGGTAA	138.334	5/22/19 18:08	batch.3	subject	32191	33789	31.64	180.6	103.2	41	Male	8100
8102	GTGYCAGCMGCCGCGGTAA	185.485	8/15/19 17:01	batch.3	subject	21022	19647	32.46	164	87.3	36	Female	8102
8104	GTGYCAGCMGCCGCGGTAA	228.944	5/22/19 18:13	batch.3	subject	16156	15918	36	179.05	115.4	54	Male	8104
8105	GTGYCAGCMGCCGCGGTAA	116.143	5/22/19 18:14	batch.3	subject	24643	23447	31.04	165.1	84.6	56	Female	8105
8107	GTGYCAGCMGCCGCGGTAA	189.352	8/15/19 17:02	batch.3	subject	21225	19795	33.21	164.35	89.7	38	Female	8107
8109	GTGYCAGCMGCCGCGGTAA	222.913	5/22/19 18:15	batch.3	subject	18916	17991	29.5	168.95	84.2	65	Male	8109
9005	GTGYCAGCMGCCGCGGTAA	139.17	5/28/19 0:00	batch.3	subject	16359	15871	31.92	177.8	100.9	44	Male	9005
9007	GTGYCAGCMGCCGCGGTAA	236.48	5/28/19 0:00	batch.3	subject	14841	15047	30.36	157.8	75.6	48	Female	9007
9012	GTGYCAGCMGCCGCGGTAA	96.62	5/28/19 0:00	batch.3	subject	23167	21904	32.75	163.65	87.7	20	Female	9012
9014	GTGYCAGCMGCCGCGGTAA	248.23	5/28/19 0:00	batch.3	subject	20816	20108	30.79	171.25	90.3	62	Male	9014
9016-C2	GTGYCAGCMGCCGCGGTAA	155.343	8/15/19 17:06	batch.3	subject	10393	10122	35.95	185.5	123.7	46	Male	9016
9017	GTGYCAGCMGCCGCGGTAA	212.04	5/30/19 0:00	batch.3	subject	20435	19461	42.2	169.4	121.1	47	Female	9017
9019	GTGYCAGCMGCCGCGGTAA	108.73	5/30/19 0:00	batch.3	subject	21059	20373	34.4	193.05	128.2	45	Male	9019
9020	GTGYCAGCMGCCGCGGTAA	230.42	5/30/19 0:00	batch.3	subject	23699	23134	24.78	175.95	76.7	48	Male	9020
9021	GTGYCAGCMGCCGCGGTAA	216.48	5/30/19 0:00	batch.3	subject	22936	22036	36.92	185.9	127.6	28	Male	9021
9023	GTGYCAGCMGCCGCGGTAA	251.96	5/30/19 0:00	batch.3	subject	13812	15224	30.85	178.4	98.2	23	Male	9023
9024	GTGYCAGCMGCCGCGGTAA	253.34	5/30/19 0:00	batch.3	subject	15396	14941	23.98	176.5	74.7	49	Male	9024
9026	GTGYCAGCMGCCGCGGTAA	250.24	5/30/19 0:00	batch.3	subject	24090	29192	34.88	163.65	93.4	26	Female	9026
9027	GTGYCAGCMGCCGCGGTAA	233.66	5/30/19 0:00	batch.3	subject	18664	17838	19.74	182	65.4	34	Male	9027
9028	GTGYCAGCMGCCGCGGTAA	226.16	5/30/19 0:00	batch.3	subject	18473	18099	32.79	166.4	90.8	42	Female	9028
9029	GTGYCAGCMGCCGCGGTAA	147.88	5/30/19 0:00	batch.3	subject	23529	22619	20.7	175.15	63.5	32	Male	9029
9030	GTGYCAGCMGCCGCGGTAA	241.64	5/30/19 0:00	batch.3	subject	28283	26447	28.84	174.67	88	50	Male	9030
9031	GTGYCAGCMGCCGCGGTAA	312.106	7/25/19 15:23	batch.3	subject	19725	18476	25.49	183.45	85.8	54	Male	9031
9033	GTGYCAGCMGCCGCGGTAA	233.265	7/25/19 15:24	batch.3	subject	18013	16887	23.98	173.05	71.8	38	Male	9033
9034	GTGYCAGCMGCCGCGGTAA	286.027	7/25/19 15:25	batch.3	subject	11109	10332	23.02	176.5	71.7	44	Male	9034
9035	GTGYCAGCMGCCGCGGTAA	322.294	7/25/19 15:26	batch.3	subject	19273	17473	22.7	162.85	60.2	57	Male	9035
9037	GTGYCAGCMGCCGCGGTAA	213.936	7/25/19 15:27	batch.3	subject	36312	34739	21.72	168.55	61.7	37	Male	9037
9038	GTGYCAGCMGCCGCGGTAA	137.564	7/25/19 15:28	batch.3	subject	17038	16311	23.74	172.57	70.7	44	Male	9038
9039	GTGYCAGCMGCCGCGGTAA	126.876	7/25/19 15:29	batch.3	subject	22827	23868	27.71	177.6	87.4	37	Male	9039
9040	GTGYCAGCMGCCGCGGTAA	309.249	7/25/19 15:30	batch.3	subject	13483	14626	24.63	190.2	89.1	47	Male	9040
9041	GTGYCAGCMGCCGCGGTAA	181.962	7/25/19 15:31	batch.3	subject	21284	19326	22.48	172.9	67.2	34	Male	9041
9042	GTGYCAGCMGCCGCGGTAA	267.749	8/15/19 17:04	batch.3	subject	19236	17997	33.68	170.85	98.3	48	Male	9042
9046	GTGYCAGCMGCCGCGGTAA	190.708	7/25/19 15:33	batch.3	subject	15643	14827	24.25	182.1	80.4	34	Male	9046
9047	GTGYCAGCMGCCGCGGTAA	287.092	7/26/19 16:27	batch.3	subject	16673	15965	26.71	190.65	97.1	43	Male	9047
9050	GTGYCAGCMGCCGCGGTAA	334.954	7/25/19 15:38	batch.3	subject	19657	19225	28.22	173.05	84.5	35	Male	9050
9051	GTGYCAGCMGCCGCGGTAA	245.951	7/26/19 16:28	batch.3	subject	16491	15505	31.31	178	99.2	48	Male	9051
9052	GTGYCAGCMGCCGCGGTAA	278.821	7/26/19 16:29	batch.3	subject	17599	16011	33.15	162.27	87.3	51	Female	9052
9054	GTGYCAGCMGCCGCGGTAA	266.625	7/26/19 16:30	batch.3	subject	19726	18012	25.71	185.95	88.9	50	Male	9054
9055	GTGYCAGCMGCCGCGGTAA	167.739	7/26/19 16:31	batch.3	subject	19725	18775	21.85	173	65.4	30	Female	9055
9056	GTGYCAGCMGCCGCGGTAA	303.393	7/26/19 16:33	batch.3	subject	13763	12820	21.49	173.65	64.8	59	Male	9056
9057	GTGYCAGCMGCCGCGGTAA	309.185	7/26/19 16:34	batch.3	subject	17786	16164	26.54	181.15	87.1	38	Male	9057
9059	GTGYCAGCMGCCGCGGTAA	121.729	7/26/19 16:36	batch.3	subject	26077	25302	28.94	181	94.8	39	Male	9059
9062	GTGYCAGCMGCCGCGGTAA	216.64	7/26/19 16:37	batch.3	subject	18356	17402	26.03	167.8	73.3	41	Male	9062
9065	GTGYCAGCMGCCGCGGTAA	306.292	7/26/19 16:39	batch.3	subject	13798	13576	20.16	160.15	51.7	37	Female	9065
9066	GTGYCAGCMGCCGCGGTAA	286.412	7/26/19 16:40	batch.3	subject	13981	12572	21	168.05	59.3	52	Female	9066
5018-z-b3	GTGYCAGCMGCCGCGGTAA	284.98	5/3/17 0:00	batch.3	batch.control.zeynep	30150	29993	32.69	180.75	106.8	58	Male	5018
6038r	GTGYCAGCMGCCGCGGTAA	304.38	5/19/17 0:00	batch.3	resubmitted.due.to.low.seq	51233	52291	28.04	173.5	84.4	21	Male	6038
6041-d	GTGYCAGCMGCCGCGGTAA	84.566	8/31/18	batch.2	batch.control.dave	28288	31249	22.61	166.65	62.8	21	Female	6041
6056-z	GTGYCAGCMGCCGCGGTAA	274.28	5/15/17	batch.2	batch.control.zeynep	32172	36198	28.45	146.3	60.9	19	Female	6056
6077r	GTGYCAGCMGCCGCGGTAA	492.5	5/16/17 0:00	batch.3	resubmitted.due.to.low.seq	35984	33102	27.09	172.8	80.9	28	Female	6077
6086r	GTGYCAGCMGCCGCGGTAA	565.94	5/16/17 0:00	batch.3	resubmitted.due.to.low.seq	43936	48002	23.88	171.2	70	27	Male	6086
6089r	GTGYCAGCMGCCGCGGTAA	361.06	5/16/17 0:00	batch.3	resubmitted.due.to.low.seq	30953	27065	28.77	168.83	82	58	Female	6089
6102	GTGYCAGCMGCCGCGGTAA	244.665	5/9/17	batch.1	subject	32207	30708	26.39	175.05	80.9	21	Male	6102
7006r	GTGYCAGCMGCCGCGGTAA	294.47	5/19/17 0:00	batch.3	resubmitted.due.to.low.seq	42649	40986	29.56	180.6	96.4	63	Male	7006
7034	GTGYCAGCMGCCGCGGTAA	24.07	8/6/18	batch.2	subject	16358	19886	25.71	156.55	63	48	Female	7034
7047	GTGYCAGCMGCCGCGGTAA	33.78	7/31/18	batch.2	subject	20699	22200	25.87	178.9	82.8	22	Male	7047
7051r	GTGYCAGCMGCCGCGGTAA	336.981	7/12/18 14:11	batch.3	resubmitted.due.to.low.seq	17333	16751	32.6	168.8	92.9	30	Male	7051
7055-5	GTGYCAGCMGCCGCGGTAA	98.526	8/30/18	batch.2	reduced.sample.vol	29960	34234	20.78	160.45	53.5	21	Female	7055
7058r	GTGYCAGCMGCCGCGGTAA	206.425	7/16/18 13:34	batch.3	resubmitted.due.to.low.seq	17325	16471	35.53	159.15	90	43	Female	7058
7059r	GTGYCAGCMGCCGCGGTAA	240.891	7/16/18 13:36	batch.3	resubmitted.due.to.low.seq	24477	23102	23.66	178.05	75	59	Male	7059
7067x	GTGYCAGCMGCCGCGGTAA	178.34	8/28/19 17:44	batch.3	rextracted.due.to.low.seq	13395	13212	27.76	159.7	70.8	59	Female	7067
7068-50x	GTGYCAGCMGCCGCGGTAA	288.394	8/28/19 17:45	batch.3	rextracted.due.to.low.seq	13669	12250	28.8	177.95	91.2	47	Male	7068
7075r	GTGYCAGCMGCCGCGGTAA	53.676	7/17/18 13:12	batch.3	resubmitted.due.to.low.seq	29973	28366	24.38	167	68	44	Male	7075
7077x	GTGYCAGCMGCCGCGGTAA	106.885	8/28/19 17:47	batch.3	rextracted.due.to.low.seq	19165	17804	28.72	175.55	88.5	61	Male	7077
7079x	GTGYCAGCMGCCGCGGTAA	241.073	8/28/19 17:48	batch.3	rextracted.due.to.low.seq	14938	13678	31.01	161.73	81.1	48	Female	7079
7080-50x	GTGYCAGCMGCCGCGGTAA	201.074	8/28/19 17:49	batch.3	rextracted.due.to.low.seq	15716	14777	37.73	184.55	128.5	42	Male	7080
7086x	GTGYCAGCMGCCGCGGTAA	170.698	8/28/19 17:50	batch.3	rextracted.due.to.low.seq	26994	24383	25.11	194.1	94.6	34	Male	7086
7087x	GTGYCAGCMGCCGCGGTAA	236.204	8/28/19 17:51	batch.3	rextracted.due.to.low.seq	16525	16413	23.9	175.25	73.4	26	Male	7087
7088-50x	GTGYCAGCMGCCGCGGTAA	252.178	8/28/19 17:51	batch.3	rextracted.due.to.low.seq	14097	13468	22.37	196.2	86.1	63	Male	7088
7105-5	GTGYCAGCMGCCGCGGTAA	176.81	8/30/18	batch.2	reduced.sample.vol	27053	28581	29.73	171.15	87.1	25	Female	7105
7106-5	GTGYCAGCMGCCGCGGTAA	75.815	8/30/18	batch.2	reduced.sample.vol	22681	25114	23.67	170	68.4	61	Female	7106
7116r	GTGYCAGCMGCCGCGGTAA	171.998	7/3/18 13:35	batch.3	resubmitted.due.to.low.seq	24277	22507	26.09	163.93	70.1	52	Female	7116
7117-50x	GTGYCAGCMGCCGCGGTAA	62.836	8/28/19 17:53	batch.3	rextracted.due.to.low.seq	23296	19923	30.09	155	72.3	22	Female	7117
7120r	GTGYCAGCMGCCGCGGTAA	326.732	7/3/18 13:38	batch.3	resubmitted.due.to.low.seq	20961	19341	20.31	165.15	55.4	49	Female	7120
8011	GTGYCAGCMGCCGCGGTAA	17.49	8/17/18	batch.2	subject	10091	12259	24.44	179.55	78.8	22	Male	8011
8014-5	GTGYCAGCMGCCGCGGTAA	199.147	8/31/18	batch.2	reduced.sample.vol	21591	23674	31.31	168.23	88.6	19	Female	8014
8016r	GTGYCAGCMGCCGCGGTAA	267.092	7/6/18 13:47	batch.3	resubmitted.due.to.low.seq	20179	19161	34.96	168.8	99.6	53	Female	8016
8018r	GTGYCAGCMGCCGCGGTAA	414.001	7/9/18 15:17	batch.3	resubmitted.due.to.low.seq	15559	14011	31.77	170.45	92.3	35	Male	8018
8019r	GTGYCAGCMGCCGCGGTAA	71.601	7/11/18 13:37	batch.3	resubmitted.due.to.low.seq	32334	29734	23.96	168.95	68.4	56	Female	8019
8023r	GTGYCAGCMGCCGCGGTAA	186.775	7/10/18 14:57	batch.3	resubmitted.due.to.low.seq	33810	29845	28.29	176.57	88.2	43	Female	8023
8028r	GTGYCAGCMGCCGCGGTAA	288.019	7/10/18 15:02	batch.3	resubmitted.due.to.low.seq	17943	17048	29.64	167.15	82.8	25	Female	8028
8031r	GTGYCAGCMGCCGCGGTAA	202.925	7/10/18 15:03	batch.3	resubmitted.due.to.low.seq	19726	19157	26.19	178.55	83.5	24	Male	8031
8044-5	GTGYCAGCMGCCGCGGTAA	6.81	8/30/18	batch.2	reduced.sample.vol	39179	44575	32.32	165.85	88.9	34	Female	8044
8048-F10	GTGYCAGCMGCCGCGGTAA	52.2	8/15/18	batch.2	subject	22541	25249	20.36	171.8	60.1	19	Male	8048
8051-50r	GTGYCAGCMGCCGCGGTAA	131.318	8/30/18 16:57	batch.3	resubmitted.due.to.low.seq	23326	21992	24.88	157.35	61.6	43	Female	8051
8053r	GTGYCAGCMGCCGCGGTAA	298.515	7/12/18 14:10	batch.3	resubmitted.due.to.low.seq	18585	17108	20.33	160.25	52.2	23	Female	8053
8055-5	GTGYCAGCMGCCGCGGTAA	26.923	8/30/18	batch.2	reduced.sample.vol	23510	26214	33.22	170	96	58	Female	8055
8056-2	GTGYCAGCMGCCGCGGTAA	118.155	8/31/18	batch.2	reduced.sample.vol	37001	41692	23.4	153.6	55.2	58	Female	8056
8058	GTGYCAGCMGCCGCGGTAA	13.45	8/17/18	batch.2	subject	12256	14564	32.94	155.45	79.6	60	Female	8058
8081	GTGYCAGCMGCCGCGGTAA	237.71	8/17/18	batch.2	subject	21193	23816	26.88	157.65	66.8	53	Female	8081
8094	GTGYCAGCMGCCGCGGTAA	33.321	5/21/19 0:00	batch.3	subject	22954	21474	29.78	163.5	79.6	61	Female	8094
8098	GTGYCAGCMGCCGCGGTAA	8.465	5/22/19 18:05	batch.3	subject	21100	21172	43.25	158.75	109	35	Female	8098
8101	GTGYCAGCMGCCGCGGTAA	3.894	5/22/19 18:09	batch.3	subject	27614	27988	35.71	170.5	103.8	63	Female	8101
8103	GTGYCAGCMGCCGCGGTAA	48.625	5/22/19 18:12	batch.3	subject	22186	21395	29.85	165.85	82.1	58	Female	8103
8108	GTGYCAGCMGCCGCGGTAA	65.445	5/22/19 18:15	batch.3	subject	31366	29380	35.86	170.55	104.3	25	Male	8108
8113	GTGYCAGCMGCCGCGGTAA	5.043	5/22/19 18:17	batch.3	subject	23581	24746	34.56	181.95	114.4	53	Male	8113
9001-50	GTGYCAGCMGCCGCGGTAA	189.458	7/25/19 15:39	batch.3	reduced.sample.vol	18287	17714	31.99	176.9	100.1	54	Male	9001
9002	GTGYCAGCMGCCGCGGTAA	31.62	5/28/19 0:00	batch.3	subject	21341	20743	34	170.9	99.3	49	Male	9002
9004-50	GTGYCAGCMGCCGCGGTAA	157.28	7/26/19 16:45	batch.3	reduced.sample.vol	17463	16362	32.33	182.25	107.4	27	Male	9004
9008-50	GTGYCAGCMGCCGCGGTAA	201.378	7/26/19 16:46	batch.3	reduced.sample.vol	22289	20722	33.31	164.2	89.8	54	Female	9008
9009-50	GTGYCAGCMGCCGCGGTAA	49.126	7/30/19 15:21	batch.3	reduced.sample.vol	23916	22742	25.54	192.45	94.6	48	Male	9009
9010	GTGYCAGCMGCCGCGGTAA	96.06	5/28/19 0:00	batch.3	subject	19616	17230	37.98	164.2	102.4	29	Female	9010
9011-50	GTGYCAGCMGCCGCGGTAA	149.257	7/30/19 15:24	batch.3	reduced.sample.vol	14417	14554	40.16	186.45	139.6	40	Male	9011
9015-50	GTGYCAGCMGCCGCGGTAA	132.989	7/30/19 15:26	batch.3	reduced.sample.vol	20988	18427	33.26	165.4	91	39	Female	9015
9018	GTGYCAGCMGCCGCGGTAA	72	5/30/19 0:00	batch.3	subject	38034	39532	24.87	175.5	76.6	18	Male	9018
9043	GTGYCAGCMGCCGCGGTAA	31.025	7/26/19 16:26	batch.3	subject	31270	32300	22.8	179.65	73.6	37	Male	9043
9045	GTGYCAGCMGCCGCGGTAA	70.513	7/25/19 15:32	batch.3	subject	18469	18385	22.84	178.05	72.4	25	Male	9045
9048	GTGYCAGCMGCCGCGGTAA	102.37	7/25/19 15:34	batch.3	subject	19121	18376	29.19	177.45	91.9	34	Male	9048
9049	GTGYCAGCMGCCGCGGTAA	91.211	7/25/19 15:35	batch.3	subject	25823	25630	33.55	180	108.7	41	Male	9049
9067-50	GTGYCAGCMGCCGCGGTAA	152.076	7/30/19 15:31	batch.3	reduced.sample.vol	23286	22842	21.84	177.35	68.7	36	Female	9067
9069-20	GTGYCAGCMGCCGCGGTAA	112.358	8/2/19 14:19	batch.3	reduced.sample.vol	21761	19810	34.85	189.55	125.2	21	Male	9069
